<?xml version="1.0" encoding="UTF-8" standalone="no"?>
<project default="create_run_jar" name="Create Runnable Jar for Project Zephyr with libraries in sub-folder">
    <!--this file was created by Eclipse Runnable JAR Export Wizard-->
    <!--ANT 1.7 is required                                        -->
    <target name="create_run_jar">
        <jar destfile="D:/Projects/Zephyr/jar/zephyr-0.1.7-run.jar">
            <manifest>
                <attribute name="Main-Class" value="zephyr.Zephyr"/>
                <attribute name="Class-Path" value=". zephyr-0.1.7-run_lib/miglayout-4.0-swing.jar zephyr-0.1.7-run_lib/liquidlnf.jar"/>
            </manifest>
            <fileset dir="D:/Projects/Zephyr/bin"/>
        </jar>
        <delete dir="D:/Projects/Zephyr/jar/zephyr-0.1.7-run_lib"/>
        <mkdir dir="D:/Projects/Zephyr/jar/zephyr-0.1.7-run_lib"/>
        <copy file="D:/Projects/Zephyr/lib/miglayout-4.0-swing.jar" todir="D:/Projects/Zephyr/jar/zephyr-0.1.7-run_lib"/>
        <copy file="D:/Projects/Zephyr/lib/liquidlnf.jar" todir="D:/Projects/Zephyr/jar/zephyr-0.1.7-run_lib"/>
    </target>
</project>
