<?xml version="1.0" encoding="UTF-8" standalone="no"?>
<project default="copy_runnable_jar" name="Create the Distribution directory">
	<property name="version" value="0.1.5"/>
    <target name="copy_runnable_jar" depends="make_distribution_directory, create_run_jar, copy_jar_directory, copy_res_diretory">
    	<copyfile dest="D:/Projects/zephyr-${version}-dist/zephyr.jar" src="D:/Projects/Zephyr/jar/zephyr-${version}-run.jar"/>
    </target>
	<target name="copy_res_diretory">
		<copydir dest="D:/Projects/zephyr-${version}-dist/resources" src="D:/Projects/Zephyr/src/zephyr/resources"></copydir>
	</target>
	
	<target name="copy_jar_directory">
		<copydir dest="D:/Projects/zephyr-${version}-dist/jar" src="D:/Projects/Zephyr/jar"></copydir>
	</target>
	
	<target name="create_run_jar">
	        <jar destfile="D:/Projects/Zephyr/jar/zephyr-${version}-run.jar" filesetmanifest="mergewithoutmain">
	            <manifest>
	                <attribute name="Main-Class" value="zephyr.Zephyr"/>
	                <attribute name="Class-Path" value="."/>
	            </manifest>
	            <fileset dir="D:/Projects/Zephyr/bin"/>
	            <zipfileset excludes="META-INF/*.SF" src="D:/Projects/Zephyr/lib/miglayout-4.0-swing.jar"/>
	            <zipfileset excludes="META-INF/*.SF" src="D:/Projects/Zephyr/lib/liquidlnf.jar"/>
	        </jar>
	    </target>
	
	<target name="make_distribution_directory">
			<delete dir="D:/Projects/zephyr-${version}-dist" />
			<mkdir dir="D:/Projects/zephyr-${version}-dist"/>
		</target>
</project>
