<?xml version="1.0" encoding="UTF-8" standalone="no"?>
<project default="create_run_jar" name="Create Runnable Jar for Project Zephyr">
    <!--this file was created by Eclipse Runnable JAR Export Wizard-->
    <!--ANT 1.7 is required                                        -->
    <target name="create_run_jar">
        <jar destfile="D:/Projects/Zephyr/jar/zephyr-0.1.4-run.jar" filesetmanifest="mergewithoutmain">
            <manifest>
                <attribute name="Main-Class" value="zephyr.Zephyr"/>
                <attribute name="Class-Path" value="."/>
            </manifest>
            <fileset dir="D:/Projects/Zephyr/bin"/>
            <zipfileset excludes="META-INF/*.SF" src="D:/Projects/Zephyr/lib/miglayout-4.0-swing.jar"/>
            <zipfileset excludes="META-INF/*.SF" src="D:/Projects/Zephyr/lib/liquidlnf.jar"/>
        </jar>
    </target>
</project>
