<?xml version="1.0" encoding="UTF-8" standalone="no"?>
<project default="create_run_jar" name="Create Runnable Jar for Project Zephyr with Jar-in-Jar Loader">
    <!--this file was created by Eclipse Runnable JAR Export Wizard-->
    <!--ANT 1.7 is required                                        -->
    <target name="create_run_jar">
        <jar destfile="D:/Projects/Zephyr/jar/zephyr-0.1.4-run.jar">
            <manifest>
                <attribute name="Main-Class" value="org.eclipse.jdt.internal.jarinjarloader.JarRsrcLoader"/>
                <attribute name="Rsrc-Main-Class" value="zephyr.Zephyr"/>
                <attribute name="Class-Path" value="."/>
                <attribute name="Rsrc-Class-Path" value="./ miglayout-4.0-swing.jar liquidlnf.jar"/>
            </manifest>
            <zipfileset src="jar-in-jar-loader.zip"/>
            <fileset dir="D:/Projects/Zephyr/bin"/>
            <zipfileset dir="D:\Projects\Zephyr\lib" includes="miglayout-4.0-swing.jar"/>
            <zipfileset dir="D:\Projects\Zephyr\lib" includes="liquidlnf.jar"/>
        </jar>
    </target>
</project>
